id,date,fajr,sunrise,fajr_con,fajr_loc,dhuhr,dhuhr_con,dhuhr_loc,asr,asr_con,asr_loc,maghrib,maghrib_con,maghrib_loc,isha,isha_con,isha_loc,arabic_date_text
1,2024-01-01,06:28:00,08:09:00,06:40:00,NCP,12:08:00,,,14:10:00,,,16:00:00,16:00:00,,17:34:00,20:05:00,,
2,2024-01-02,06:28:00,08:09:00,06:40:00,NCP,12:09:00,,,14:11:00,,,16:01:00,16:05:00,,17:35:00,20:05:00,,
3,2024-01-03,06:28:00,08:09:00,06:40:00,NCP,12:09:00,,,14:13:00,,,16:03:00,16:05:00,,17:36:00,20:05:00,,
4,2024-01-04,06:28:00,08:09:00,06:40:00,NCP,12:09:00,,,14:14:00,,,16:04:00,16:05:00,,17:37:00,20:05:00,,
5,2024-01-05,06:27:00,08:08:00,06:40:00,NCP,12:10:00,13:05:00,HUB,14:15:00,,,16:05:00,16:05:00,,17:38:00,20:05:00,,
6,2024-01-06,06:27:00,08:08:00,06:40:00,NCP,12:10:00,,,14:16:00,,,16:06:00,16:10:00,,17:39:00,20:05:00,,
7,2024-01-07,06:27:00,08:07:00,06:40:00,NCP,12:11:00,,,14:17:00,,,16:08:00,16:10:00,,17:40:00,20:05:00,,
8,2024-01-08,06:27:00,08:07:00,06:40:00,NCP,12:11:00,,,14:18:00,,,16:09:00,16:10:00,,17:41:00,20:05:00,,
9,2024-01-09,06:26:00,08:07:00,06:40:00,NCP,12:12:00,,,14:20:00,,,16:10:00,16:10:00,,17:42:00,20:05:00,,
10,2024-01-10,06:26:00,08:06:00,06:40:00,NCP,12:12:00,,,14:21:00,,,16:12:00,16:15:00,,17:43:00,20:05:00,,
11,2024-01-11,06:25:00,08:05:00,06:40:00,NCP,12:12:00,,,14:23:00,,,16:13:00,16:15:00,,17:44:00,20:05:00,,
12,2024-01-12,06:25:00,08:05:00,06:40:00,NCP,12:13:00,13:05:00,HUB,14:24:00,,,16:15:00,16:15:00,,17:45:00,20:05:00,,
13,2024-01-13,06:24:00,08:04:00,06:40:00,NCP,12:13:00,,,14:25:00,,,16:16:00,16:20:00,,17:47:00,20:05:00,,
14,2024-01-14,06:23:00,08:03:00,06:40:00,NCP,12:14:00,,,14:27:00,,,16:18:00,16:20:00,,17:48:00,20:05:00,,
15,2024-01-15,06:23:00,08:02:00,06:40:00,NCP,12:14:00,,,14:28:00,,,16:19:00,16:20:00,,17:49:00,20:05:00,,
16,2024-01-16,06:22:00,08:01:00,06:40:00,NCP,12:14:00,,,14:30:00,,,16:21:00,16:25:00,,17:51:00,20:05:00,,
17,2024-01-17,06:21:00,08:01:00,06:40:00,NCP,12:15:00,,,14:31:00,,,16:22:00,16:25:00,,17:52:00,20:05:00,,
18,2024-01-18,06:20:00,08:00:00,06:40:00,NCP,12:15:00,,,14:33:00,,,16:24:00,16:25:00,,17:53:00,20:05:00,,
19,2024-01-19,06:19:00,07:59:00,06:40:00,NCP,12:15:00,13:05:00,HUB,14:35:00,,,16:26:00,16:30:00,,17:55:00,20:05:00,,
20,2024-01-20,06:18:00,07:57:00,06:35:00,NCP,12:16:00,,,14:36:00,,,16:27:00,16:30:00,,17:56:00,20:05:00,,
21,2024-01-21,06:17:00,07:56:00,06:35:00,NCP,12:16:00,,,14:38:00,,,16:29:00,16:30:00,,17:58:00,20:05:00,,
22,2024-01-22,06:16:00,07:55:00,06:35:00,NCP,12:16:00,,,14:39:00,,,16:31:00,16:35:00,,17:59:00,20:05:00,,
23,2024-01-23,06:15:00,07:54:00,06:35:00,NCP,12:16:00,,,14:41:00,,,16:33:00,16:35:00,,18:01:00,20:05:00,,
24,2024-01-24,06:14:00,07:53:00,06:35:00,NCP,12:17:00,,,14:43:00,,,16:34:00,16:35:00,,18:02:00,20:05:00,,
25,2024-01-25,06:13:00,07:51:00,06:35:00,NCP,12:17:00,,,14:44:00,,,16:36:00,16:40:00,,18:04:00,20:05:00,,
26,2024-01-26,06:11:00,07:50:00,06:35:00,NCP,12:17:00,13:05:00,HUB,14:46:00,,,16:38:00,16:40:00,,18:05:00,20:05:00,,
27,2024-01-27,06:10:00,07:49:00,06:30:00,NCP,12:17:00,,,14:48:00,,,16:40:00,16:40:00,,18:07:00,20:05:00,,
28,2024-01-28,06:09:00,07:47:00,06:30:00,NCP,12:18:00,,,14:50:00,,,16:42:00,16:45:00,,18:09:00,20:05:00,,
29,2024-01-29,06:07:00,07:46:00,06:30:00,NCP,12:18:00,,,14:51:00,,,16:43:00,16:45:00,,18:10:00,20:05:00,,
30,2024-01-30,06:06:00,07:44:00,06:30:00,NCP,12:18:00,,,14:53:00,,,16:45:00,16:45:00,,18:12:00,20:05:00,,
31,2024-01-31,06:05:00,07:43:00,06:30:00,NCP,12:18:00,,,14:55:00,,,16:47:00,16:50:00,,18:13:00,20:05:00,,
32,2024-02-01,06:03:00,07:41:00,06:30:00,NCP,12:18:00,,,14:57:00,,,16:49:00,16:50:00,,18:15:00,20:05:00,,
33,2024-02-02,06:02:00,07:40:00,06:30:00,NCP,12:18:00,13:05:00,HUB,14:58:00,,,16:51:00,16:55:00,,18:17:00,20:05:00,,
34,2024-02-03,06:00:00,07:38:00,06:15:00,NCP,12:18:00,,,15:00:00,,,16:53:00,16:55:00,,18:18:00,20:05:00,,
35,2024-02-04,05:59:00,07:36:00,06:15:00,NCP,12:19:00,,,15:02:00,,,16:55:00,16:55:00,,18:20:00,20:05:00,,
36,2024-02-05,05:57:00,07:35:00,06:15:00,NCP,12:19:00,,,15:04:00,,,16:56:00,17:00:00,,18:21:00,20:05:00,,
37,2024-02-06,05:55:00,07:33:00,06:15:00,NCP,12:19:00,,,15:05:00,,,16:58:00,17:00:00,,18:23:00,20:05:00,,
38,2024-02-07,05:54:00,07:31:00,06:15:00,NCP,12:19:00,,,15:07:00,,,17:00:00,17:00:00,,18:25:00,20:05:00,,
39,2024-02-08,05:52:00,07:30:00,06:15:00,NCP,12:19:00,,,15:09:00,,,17:02:00,17:05:00,,18:26:00,20:05:00,,
40,2024-02-09,05:50:00,07:28:00,06:15:00,NCP,12:19:00,13:05:00,HUB,15:11:00,,,17:04:00,17:05:00,,18:28:00,20:05:00,,
41,2024-02-10,05:49:00,07:26:00,06:15:00,NCP,12:19:00,,,15:12:00,,,17:06:00,17:10:00,,18:30:00,20:05:00,,
42,2024-02-11,05:47:00,07:24:00,06:15:00,NCP,12:19:00,,,15:14:00,,,17:08:00,17:10:00,,18:31:00,20:05:00,,
43,2024-02-12,05:45:00,07:22:00,06:15:00,NCP,12:19:00,,,15:16:00,,,17:10:00,17:10:00,,18:33:00,20:05:00,,
44,2024-02-13,05:43:00,07:20:00,06:15:00,NCP,12:19:00,,,15:18:00,,,17:11:00,17:15:00,,18:35:00,20:05:00,,
45,2024-02-14,05:41:00,07:18:00,06:15:00,NCP,12:19:00,,,15:19:00,,,17:13:00,17:15:00,,18:36:00,20:05:00,,
46,2024-02-15,05:40:00,07:16:00,06:15:00,NCP,12:19:00,,,15:21:00,,,17:15:00,17:15:00,,18:38:00,20:05:00,,
47,2024-02-16,05:38:00,07:14:00,06:15:00,NCP,12:19:00,13:05:00,HUB,15:23:00,,,17:17:00,17:20:00,,18:39:00,20:05:00,,
48,2024-02-17,05:36:00,07:12:00,06:00:00,NCP,12:19:00,,,15:25:00,,,17:19:00,17:20:00,,18:41:00,20:05:00,,
49,2024-02-18,05:34:00,07:10:00,06:00:00,NCP,12:19:00,,,15:26:00,,,17:21:00,17:25:00,,18:43:00,20:05:00,,
50,2024-02-19,05:32:00,07:08:00,06:00:00,NCP,12:19:00,,,15:28:00,,,17:23:00,17:25:00,,18:44:00,20:05:00,,
51,2024-02-20,05:30:00,07:06:00,06:00:00,NCP,12:18:00,,,15:30:00,,,17:25:00,17:25:00,,18:46:00,20:05:00,,
52,2024-02-21,05:28:00,07:04:00,06:00:00,NCP,12:18:00,,,15:31:00,,,17:26:00,17:30:00,,18:48:00,20:05:00,,
53,2024-02-22,05:26:00,07:02:00,06:00:00,NCP,12:18:00,,,15:33:00,,,17:28:00,17:30:00,,18:49:00,20:05:00,,
54,2024-02-23,05:24:00,07:00:00,06:00:00,NCP,12:18:00,13:05:00,HUB,15:35:00,,,17:30:00,17:30:00,,18:51:00,20:05:00,,
55,2024-02-24,05:22:00,06:58:00,06:00:00,NCP,12:18:00,,,15:36:00,,,17:32:00,17:35:00,,18:52:00,20:05:00,,
56,2024-02-25,05:20:00,06:56:00,06:00:00,NCP,12:18:00,,,15:38:00,,,17:34:00,17:35:00,,18:54:00,20:05:00,,
57,2024-02-26,05:18:00,06:54:00,06:00:00,NCP,12:18:00,,,15:40:00,,,17:36:00,17:40:00,,18:56:00,20:05:00,,
58,2024-02-27,05:16:00,06:52:00,06:00:00,NCP,12:17:00,,,15:41:00,,,17:37:00,17:40:00,,18:57:00,20:05:00,,
59,2024-02-28,05:14:00,06:49:00,06:00:00,NCP,12:17:00,,,15:43:00,,,17:39:00,17:40:00,,18:59:00,20:05:00,,
60,2024-02-29,05:12:00,06:47:00,06:00:00,NCP,12:17:00,,,15:45:00,,,17:41:00,17:45:00,,19:00:00,20:05:00,,
61,2024-03-01,05:10:00,06:45:00,06:00:00,NCP,12:17:00,13:05:00,HUB,15:46:00,,,17:43:00,17:45:00,,19:02:00,20:05:00,,
62,2024-03-02,05:07:00,06:43:00,05:45:00,NCP,12:17:00,,,15:48:00,,,17:45:00,17:45:00,,19:03:00,20:05:00,,
63,2024-03-03,05:05:00,06:41:00,05:45:00,NCP,12:17:00,,,15:49:00,,,17:47:00,17:50:00,,19:05:00,20:05:00,,
64,2024-03-04,05:03:00,06:38:00,05:45:00,NCP,12:16:00,,,15:51:00,,,17:48:00,17:50:00,,19:07:00,20:05:00,,
65,2024-03-05,05:01:00,06:36:00,05:45:00,NCP,12:16:00,,,15:52:00,,,17:50:00,17:50:00,,19:08:00,20:05:00,,
66,2024-03-06,04:59:00,06:34:00,05:45:00,NCP,12:16:00,,,15:54:00,,,17:52:00,17:55:00,,19:10:00,20:05:00,,
67,2024-03-07,04:57:00,06:31:00,05:45:00,NCP,12:16:00,,,15:55:00,,,17:54:00,17:55:00,,19:11:00,20:05:00,,
68,2024-03-08,04:55:00,06:29:00,05:45:00,NCP,12:15:00,13:05:00,HUB,15:57:00,,,17:56:00,18:00:00,,19:13:00,20:05:00,,
69,2024-03-09,04:52:00,06:27:00,05:30:00,NCP,12:15:00,,,15:59:00,,,17:57:00,18:00:00,,19:14:00,20:05:00,,
70,2024-03-10,04:50:00,06:25:00,05:30:00,NCP,12:15:00,,,16:00:00,,,17:59:00,,,19:16:00,20:05:00,HUB,
71,2024-03-11,04:48:00,06:22:00,05:30:00,NCP,12:15:00,,,16:01:00,,,18:01:00,,,19:17:00,20:05:00,HUB,
72,2024-03-12,04:46:00,06:20:00,05:30:00,NCP,12:14:00,,,16:03:00,,,18:03:00,,,19:19:00,20:05:00,HUB,
73,2024-03-13,04:43:00,06:18:00,05:30:00,NCP,12:14:00,,,16:04:00,,,18:04:00,,,19:20:00,20:05:00,HUB,
74,2024-03-14,04:41:00,06:15:00,05:30:00,NCP,12:14:00,,,16:06:00,,,18:06:00,,,19:22:00,20:05:00,HUB,
75,2024-03-15,04:39:00,06:13:00,05:30:00,NCP,12:13:00,13:05:00,HUB,16:07:00,,,18:08:00,,,19:23:00,20:05:00,HUB,
76,2024-03-16,04:37:00,06:11:00,04:52:00,NCP,12:13:00,,,16:09:00,,,18:10:00,,,19:25:00,20:05:00,HUB,
77,2024-03-17,04:35:00,06:08:00,04:50:00,NCP,12:13:00,,,16:10:00,,,18:11:00,,,19:26:00,20:05:00,HUB,
78,2024-03-18,04:32:00,06:06:00,04:47:00,NCP,12:13:00,,,16:12:00,,,18:13:00,,,19:28:00,20:05:00,HUB,
79,2024-03-19,04:30:00,06:04:00,04:45:00,NCP,12:12:00,,,16:13:00,,,18:15:00,,,19:29:00,20:05:00,HUB,
80,2024-03-20,04:28:00,06:01:00,04:43:00,NCP,12:12:00,,,16:14:00,,,18:17:00,,,19:31:00,20:05:00,HUB,
81,2024-03-21,04:26:00,05:59:00,04:41:00,NCP,12:12:00,,,16:16:00,,,18:18:00,,,19:32:00,20:05:00,HUB,
82,2024-03-22,04:23:00,05:57:00,04:38:00,NCP,12:11:00,13:05:00,HUB,16:17:00,,,18:20:00,,,19:34:00,20:05:00,HUB,
83,2024-03-23,04:20:00,05:54:00,04:35:00,NCP,12:11:00,,,16:18:00,,,18:22:00,,,19:35:00,20:05:00,HUB,
84,2024-03-24,04:18:00,05:52:00,04:33:00,NCP,12:11:00,,,16:20:00,,,18:24:00,,,19:37:00,20:05:00,HUB,
85,2024-03-25,04:15:00,05:50:00,04:30:00,NCP,12:11:00,,,16:21:00,,,18:25:00,,,19:38:00,20:05:00,HUB,
86,2024-03-26,04:13:00,05:47:00,04:28:00,NCP,12:10:00,,,16:23:00,,,18:27:00,,,19:40:00,20:05:00,HUB,
87,2024-03-27,04:10:00,05:45:00,04:25:00,NCP,12:10:00,,,16:24:00,,,18:29:00,,,19:41:00,20:05:00,HUB,
88,2024-03-28,04:07:00,05:43:00,04:22:00,NCP,12:10:00,,,16:25:00,,,18:31:00,,,19:43:00,20:05:00,HUB,
89,2024-03-29,04:05:00,05:40:00,04:20:00,NCP,12:09:00,13:05:00,HUB,16:26:00,,,18:32:00,,,19:44:00,20:05:00,HUB,
90,2024-03-30,04:02:00,05:38:00,04:17:00,NCP,12:09:00,,,16:28:00,,,18:34:00,,,19:46:00,20:05:00,HUB,
91,2024-03-31,05:00:00,06:36:00,05:15:00,NCP,13:09:00,,,17:29:00,,,19:36:00,,,20:47:00,21:00:00,HUB,
92,2024-04-01,04:57:00,06:33:00,05:12:00,NCP,13:08:00,,,17:30:00,,,19:37:00,,,20:49:00,21:00:00,HUB,
93,2024-04-02,04:54:00,06:31:00,05:09:00,NCP,13:08:00,,,17:32:00,,,19:39:00,,,20:50:00,21:00:00,HUB,
94,2024-04-03,04:52:00,06:29:00,05:07:00,NCP,13:08:00,,,17:33:00,,,19:41:00,,,20:52:00,21:00:00,HUB,
95,2024-04-04,04:49:00,06:27:00,05:04:00,NCP,13:08:00,,,17:34:00,,,19:43:00,,,20:53:00,21:00:00,HUB,
96,2024-04-05,04:47:00,06:24:00,05:02:00,NCP,13:07:00,13:10:00,HUB,17:35:00,,,19:44:00,,,20:55:00,21:00:00,HUB,
97,2024-04-06,04:44:00,06:22:00,04:59:00,BS-H,13:07:00,,,17:37:00,,,19:46:00,,,20:56:00,21:00:00,HUB,
98,2024-04-07,04:42:00,06:20:00,04:57:00,BS-H,13:07:00,,,17:38:00,,,19:48:00,,,20:58:00,21:00:00,HUB,
99,2024-04-08,04:39:00,06:17:00,04:54:00,NCP,13:06:00,,,17:39:00,,,19:50:00,,,20:59:00,21:00:00,HUB,
100,2024-04-09,04:36:00,06:15:00,04:51:00,NCP,13:06:00,,,17:40:00,,,19:51:00,,,21:01:00,21:15:00,HUB,
101,2024-04-10,04:34:00,06:13:00,05:15:00,NCP,13:06:00,,,17:41:00,,,19:53:00,19:55:00,,21:02:00,21:15:00,,
102,2024-04-11,04:31:00,06:11:00,05:15:00,NCP,13:06:00,,,17:43:00,,,19:55:00,19:55:00,,21:04:00,21:15:00,,
103,2024-04-12,04:29:00,06:08:00,05:15:00,NCP,13:05:00,13:10:00,HUB,17:44:00,,,19:56:00,20:00:00,,21:05:00,21:15:00,,
104,2024-04-13,04:26:00,06:06:00,05:15:00,BS-H,13:05:00,,,17:45:00,,,19:58:00,20:00:00,,21:07:00,21:30:00,,
105,2024-04-14,04:24:00,06:04:00,05:15:00,BS-H,13:05:00,,,17:46:00,,,20:00:00,20:00:00,,21:08:00,21:30:00,,
106,2024-04-15,04:21:00,06:02:00,05:15:00,NCP,13:05:00,,,17:47:00,,,20:02:00,20:05:00,,21:10:00,21:30:00,,
107,2024-04-16,04:19:00,05:59:00,05:15:00,NCP,13:04:00,,,17:48:00,,,20:03:00,20:05:00,,21:11:00,21:30:00,,
108,2024-04-17,04:16:00,05:57:00,05:15:00,NCP,13:04:00,,,17:50:00,,,20:05:00,20:05:00,,21:13:00,21:30:00,,
109,2024-04-18,04:14:00,05:55:00,05:15:00,NCP,13:04:00,,,17:51:00,,,20:07:00,20:10:00,,21:14:00,21:30:00,,
110,2024-04-19,04:12:00,05:53:00,05:15:00,NCP,13:04:00,13:10:00,HUB,17:52:00,,,20:09:00,20:10:00,,21:16:00,21:30:00,,
111,2024-04-20,04:09:00,05:51:00,05:00:00,BS-H,13:04:00,,,17:53:00,,,20:10:00,20:10:00,,21:17:00,21:30:00,,
112,2024-04-21,04:07:00,05:49:00,05:00:00,BS-H,13:03:00,,,17:54:00,,,20:12:00,20:15:00,,21:19:00,21:30:00,,
113,2024-04-22,04:04:00,05:47:00,05:00:00,NCP,13:03:00,,,17:55:00,,,20:14:00,20:15:00,,21:20:00,21:30:00,,
114,2024-04-23,04:02:00,05:45:00,05:00:00,NCP,13:03:00,,,17:56:00,,,20:15:00,20:15:00,,21:22:00,21:30:00,,
115,2024-04-24,04:00:00,05:42:00,05:00:00,NCP,13:03:00,,,17:57:00,,,20:17:00,20:20:00,,21:23:00,21:30:00,,
116,2024-04-25,03:57:00,05:40:00,05:00:00,NCP,13:03:00,,,17:58:00,,,20:19:00,20:20:00,,21:25:00,21:30:00,,
117,2024-04-26,03:55:00,05:38:00,05:00:00,NCP,13:02:00,13:10:00,HUB,18:00:00,,,20:21:00,20:25:00,,21:26:00,21:30:00,,
118,2024-04-27,03:53:00,05:36:00,04:45:00,BS-H,13:02:00,,,18:01:00,,,20:22:00,20:25:00,,21:28:00,21:45:00,,
119,2024-04-28,03:50:00,05:34:00,04:45:00,BS-H,13:02:00,,,18:02:00,,,20:24:00,20:25:00,,21:29:00,21:45:00,,
120,2024-04-29,03:48:00,05:32:00,04:45:00,NCP,13:02:00,,,18:03:00,,,20:26:00,20:30:00,,21:31:00,21:45:00,,
121,2024-04-30,03:46:00,05:30:00,04:45:00,NCP,13:02:00,,,18:04:00,,,20:27:00,20:30:00,,21:32:00,21:45:00,,
122,2024-05-01,03:44:00,05:28:00,04:45:00,NCP,13:02:00,,,18:05:00,,,20:29:00,20:30:00,,21:33:00,21:45:00,,
123,2024-05-02,03:42:00,05:27:00,04:45:00,NCP,13:02:00,,,18:06:00,,,20:31:00,20:35:00,,21:35:00,21:45:00,,
124,2024-05-03,03:39:00,05:25:00,04:45:00,NCP,13:02:00,13:10:00,HUB,18:07:00,,,20:32:00,20:35:00,,21:36:00,21:45:00,,
125,2024-05-04,03:37:00,05:23:00,04:30:00,BS-H,13:01:00,,,18:08:00,,,20:34:00,20:35:00,,21:38:00,22:00:00,,
126,2024-05-05,03:35:00,05:21:00,04:30:00,BS-H,13:01:00,,,18:09:00,,,20:36:00,20:40:00,,21:39:00,22:00:00,,
127,2024-05-06,03:33:00,05:19:00,04:30:00,NCP,13:01:00,,,18:10:00,,,20:37:00,20:40:00,,21:41:00,22:00:00,,
128,2024-05-07,03:31:00,05:17:00,04:30:00,NCP,13:01:00,,,18:11:00,,,20:39:00,20:40:00,,21:43:00,22:00:00,,
129,2024-05-08,03:29:00,05:16:00,04:30:00,NCP,13:01:00,,,18:12:00,,,20:41:00,20:45:00,,21:45:00,22:00:00,,
130,2024-05-09,03:27:00,05:14:00,04:30:00,NCP,13:01:00,,,18:13:00,,,20:42:00,20:45:00,,21:46:00,22:00:00,,
131,2024-05-10,03:25:00,05:12:00,04:30:00,NCP,13:01:00,13:10:00,HUB,18:14:00,,,20:44:00,20:45:00,,21:48:00,22:00:00,,
132,2024-05-11,03:23:00,05:11:00,04:15:00,BS-H,13:01:00,,,18:15:00,,,20:45:00,20:45:00,,21:50:00,22:15:00,,
133,2024-05-12,03:21:00,05:09:00,04:15:00,BS-H,13:01:00,,,18:16:00,,,20:47:00,20:50:00,,21:52:00,22:15:00,,
134,2024-05-13,03:19:00,05:07:00,04:15:00,NCP,13:01:00,,,18:17:00,,,20:49:00,20:50:00,,21:54:00,22:15:00,,
135,2024-05-14,03:17:00,05:06:00,04:15:00,NCP,13:01:00,,,18:18:00,,,20:50:00,20:50:00,,21:56:00,22:15:00,,
136,2024-05-15,03:15:00,05:04:00,04:15:00,NCP,13:01:00,,,18:19:00,,,20:52:00,20:55:00,,21:58:00,22:15:00,,
137,2024-05-16,03:13:00,05:03:00,04:15:00,NCP,13:01:00,,,18:19:00,,,20:53:00,20:55:00,,22:00:00,22:15:00,,
138,2024-05-17,03:12:00,05:01:00,04:15:00,NCP,13:01:00,13:10:00,HUB,18:20:00,,,20:55:00,20:55:00,,22:02:00,22:15:00,,
139,2024-05-18,03:10:00,05:00:00,04:00:00,BS-H,13:01:00,,,18:21:00,,,20:56:00,21:00:00,,22:03:00,22:15:00,,
140,2024-05-19,03:08:00,04:58:00,04:00:00,BS-H,13:01:00,,,18:22:00,,,20:58:00,21:00:00,,22:05:00,22:15:00,,
141,2024-05-20,03:07:00,04:57:00,04:00:00,NCP,13:01:00,,,18:23:00,,,20:59:00,21:00:00,,22:07:00,22:15:00,,
142,2024-05-21,03:05:00,04:56:00,04:00:00,NCP,13:01:00,,,18:24:00,,,21:01:00,21:05:00,,22:09:00,22:15:00,,
143,2024-05-22,03:03:00,04:54:00,04:00:00,NCP,13:01:00,,,18:25:00,,,21:02:00,21:05:00,,22:10:00,22:15:00,,
144,2024-05-23,03:02:00,04:53:00,04:00:00,NCP,13:02:00,,,18:25:00,,,21:03:00,21:05:00,,22:12:00,22:15:00,,
145,2024-05-24,03:00:00,04:52:00,04:00:00,NCP,13:02:00,13:10:00,HUB,18:26:00,,,21:05:00,21:05:00,,22:14:00,22:15:00,,
146,2024-05-25,02:59:00,04:51:00,04:00:00,BS-H,13:02:00,,,18:27:00,,,21:06:00,21:10:00,,22:15:00,22:30:00,,
147,2024-05-26,02:57:00,04:50:00,04:00:00,BS-H,13:02:00,,,18:28:00,,,21:07:00,21:10:00,,22:17:00,22:30:00,,
148,2024-05-27,02:56:00,04:49:00,04:00:00,NCP,13:02:00,,,18:28:00,,,21:09:00,21:10:00,,22:19:00,22:30:00,,
149,2024-05-28,02:55:00,04:48:00,04:00:00,NCP,13:02:00,,,18:29:00,,,21:10:00,21:10:00,,22:20:00,22:30:00,,
150,2024-05-29,02:53:00,04:47:00,04:00:00,NCP,13:02:00,,,18:30:00,,,21:11:00,21:15:00,,22:22:00,22:30:00,,
151,2024-05-30,02:52:00,04:46:00,04:00:00,NCP,13:02:00,,,18:31:00,,,21:12:00,21:15:00,,22:23:00,22:30:00,,
152,2024-05-31,02:51:00,04:45:00,04:00:00,NCP,13:02:00,13:10:00,HUB,18:31:00,,,21:14:00,21:15:00,,22:25:00,22:30:00,,
153,2024-06-01,02:50:00,04:44:00,04:00:00,BS-H,13:03:00,,,18:32:00,,,21:15:00,21:15:00,,22:26:00,22:35:00,,
154,2024-06-02,02:49:00,04:43:00,04:00:00,BS-H,13:03:00,,,18:33:00,,,21:16:00,21:20:00,,22:28:00,22:35:00,,
155,2024-06-03,02:48:00,04:43:00,04:00:00,NCP,13:03:00,,,18:33:00,,,21:17:00,21:20:00,,22:29:00,22:35:00,,
156,2024-06-04,02:47:00,04:42:00,04:00:00,NCP,13:03:00,,,18:34:00,,,21:18:00,21:20:00,,22:30:00,22:35:00,,
157,2024-06-05,02:46:00,04:41:00,04:00:00,NCP,13:03:00,,,18:34:00,,,21:19:00,21:20:00,,22:32:00,22:35:00,,
158,2024-06-06,02:45:00,04:41:00,04:00:00,NCP,13:04:00,,,18:35:00,,,21:20:00,21:20:00,,22:33:00,22:35:00,,
159,2024-06-07,02:44:00,04:40:00,04:00:00,NCP,13:04:00,13:10:00,HUB,18:36:00,,,21:21:00,21:25:00,,22:34:00,22:35:00,,
160,2024-06-08,02:43:00,04:40:00,04:00:00,BS-H,13:04:00,,,18:36:00,,,21:21:00,21:25:00,,22:35:00,22:45:00,,
161,2024-06-09,02:42:00,04:39:00,04:00:00,BS-H,13:04:00,,,18:37:00,,,21:22:00,21:25:00,,22:36:00,22:45:00,,
162,2024-06-10,02:42:00,04:39:00,04:00:00,NCP,13:04:00,,,18:37:00,,,21:23:00,21:25:00,,22:37:00,22:45:00,,
163,2024-06-11,02:41:00,04:39:00,04:00:00,NCP,13:04:00,,,18:38:00,,,21:24:00,21:25:00,,22:38:00,22:45:00,,
164,2024-06-12,02:41:00,04:38:00,04:00:00,NCP,13:05:00,,,18:38:00,,,21:24:00,21:25:00,,22:39:00,22:45:00,,
165,2024-06-13,02:40:00,04:38:00,04:00:00,NCP,13:05:00,,,18:38:00,,,21:25:00,21:25:00,,22:40:00,22:45:00,,
166,2024-06-14,02:40:00,04:38:00,04:00:00,NCP,13:05:00,13:10:00,HUB,18:39:00,,,21:25:00,21:25:00,,22:41:00,22:45:00,,
167,2024-06-15,02:39:00,04:38:00,04:00:00,BS-H,13:05:00,,,18:39:00,,,21:26:00,21:30:00,,22:42:00,22:50:00,,
168,2024-06-16,02:39:00,04:38:00,04:00:00,BS-H,13:06:00,,,18:40:00,,,21:26:00,21:30:00,,22:43:00,22:50:00,,
169,2024-06-17,02:38:00,04:38:00,04:00:00,NCP,13:06:00,,,18:40:00,,,21:27:00,21:30:00,,22:43:00,22:50:00,,
170,2024-06-18,02:38:00,04:38:00,04:00:00,NCP,13:06:00,,,18:40:00,,,21:27:00,21:30:00,,22:44:00,22:50:00,,
171,2024-06-19,02:38:00,04:38:00,04:00:00,NCP,13:06:00,,,18:40:00,,,21:27:00,21:30:00,,22:45:00,22:50:00,,
172,2024-06-20,02:38:00,04:38:00,04:00:00,NCP,13:06:00,,,18:41:00,,,21:28:00,21:30:00,,22:45:00,22:50:00,,
173,2024-06-21,02:38:00,04:38:00,04:00:00,NCP,13:07:00,13:10:00,HUB,18:41:00,,,21:28:00,21:30:00,,22:46:00,22:50:00,,
174,2024-06-22,02:38:00,04:39:00,04:00:00,BS-H,13:07:00,,,18:41:00,,,21:28:00,21:30:00,,22:46:00,22:50:00,,
175,2024-06-23,02:39:00,04:39:00,04:00:00,BS-H,13:07:00,,,18:41:00,,,21:28:00,21:30:00,,22:45:00,22:50:00,,
176,2024-06-24,02:40:00,04:39:00,04:00:00,NCP,13:07:00,,,18:41:00,,,21:28:00,21:30:00,,22:45:00,22:50:00,,
177,2024-06-25,02:40:00,04:40:00,04:00:00,NCP,13:08:00,,,18:41:00,,,21:28:00,21:30:00,,22:45:00,22:50:00,,
178,2024-06-26,02:41:00,04:40:00,04:00:00,NCP,13:08:00,,,18:42:00,,,21:28:00,21:30:00,,22:44:00,22:50:00,,
179,2024-06-27,02:42:00,04:41:00,04:00:00,NCP,13:08:00,,,18:42:00,,,21:28:00,21:30:00,,22:44:00,22:50:00,,
180,2024-06-28,02:43:00,04:41:00,04:00:00,NCP,13:08:00,13:10:00,HUB,18:42:00,,,21:28:00,21:30:00,,22:43:00,22:50:00,,
181,2024-06-29,02:44:00,04:42:00,04:00:00,BS-H,13:08:00,,,18:42:00,,,21:28:00,21:30:00,,22:43:00,22:45:00,,
182,2024-06-30,02:45:00,04:43:00,04:00:00,BS-H,13:09:00,,,18:42:00,,,21:27:00,21:30:00,,22:42:00,22:45:00,,
183,2024-07-01,02:46:00,04:43:00,04:00:00,NCP,13:09:00,,,18:41:00,,,21:27:00,21:30:00,,22:42:00,22:45:00,,
184,2024-07-02,02:47:00,04:44:00,04:00:00,NCP,13:09:00,,,18:41:00,,,21:27:00,21:30:00,,22:41:00,22:45:00,,
185,2024-07-03,02:48:00,04:45:00,04:00:00,NCP,13:09:00,,,18:41:00,,,21:26:00,21:30:00,,22:40:00,22:45:00,,
186,2024-07-04,02:49:00,04:46:00,04:00:00,NCP,13:09:00,,,18:41:00,,,21:26:00,21:30:00,,22:39:00,22:45:00,,
187,2024-07-05,02:50:00,04:46:00,04:00:00,NCP,13:09:00,13:15:00,HUB,18:41:00,,,21:25:00,21:25:00,,22:38:00,22:45:00,,
188,2024-07-06,02:51:00,04:47:00,04:00:00,BS-H,13:10:00,,,18:41:00,,,21:24:00,21:25:00,,22:38:00,22:40:00,,
189,2024-07-07,02:53:00,04:48:00,04:00:00,BS-H,13:10:00,,,18:40:00,,,21:24:00,21:25:00,,22:37:00,22:40:00,,
190,2024-07-08,02:54:00,04:49:00,04:00:00,NCP,13:10:00,,,18:40:00,,,21:23:00,21:25:00,,22:36:00,22:40:00,,
191,2024-07-09,02:55:00,04:50:00,04:00:00,NCP,13:10:00,,,18:40:00,,,21:22:00,21:25:00,,22:34:00,22:40:00,,
192,2024-07-10,02:57:00,04:51:00,04:00:00,NCP,13:10:00,,,18:39:00,,,21:22:00,21:25:00,,22:33:00,22:40:00,,
193,2024-07-11,02:58:00,04:53:00,04:00:00,NCP,13:10:00,,,18:39:00,,,21:21:00,21:25:00,,22:32:00,22:40:00,,
194,2024-07-12,03:00:00,04:54:00,04:00:00,NCP,13:10:00,13:15:00,HUB,18:39:00,,,21:20:00,21:20:00,,22:31:00,22:40:00,,
195,2024-07-13,03:01:00,04:55:00,04:15:00,BS-H,13:11:00,,,18:38:00,,,21:19:00,21:20:00,,22:30:00,22:30:00,,
196,2024-07-14,03:03:00,04:56:00,04:15:00,BS-H,13:11:00,,,18:38:00,,,21:18:00,21:20:00,,22:28:00,22:30:00,,
197,2024-07-15,03:04:00,04:57:00,04:15:00,NCP,13:11:00,,,18:37:00,,,21:17:00,21:20:00,,22:27:00,22:30:00,,
198,2024-07-16,03:06:00,04:58:00,04:15:00,NCP,13:11:00,,,18:37:00,,,21:16:00,21:20:00,,22:26:00,22:30:00,,
199,2024-07-17,03:07:00,05:00:00,04:15:00,NCP,13:11:00,,,18:36:00,,,21:15:00,21:15:00,,22:24:00,22:30:00,,
200,2024-07-18,03:09:00,05:01:00,04:15:00,NCP,13:11:00,,,18:35:00,,,21:13:00,21:15:00,,22:23:00,22:30:00,,
201,2024-07-19,03:11:00,05:02:00,04:15:00,NCP,13:11:00,13:15:00,HUB,18:35:00,,,21:12:00,21:15:00,,22:21:00,22:30:00,,
202,2024-07-20,03:12:00,05:04:00,04:15:00,BS-H,13:11:00,,,18:34:00,,,21:11:00,21:15:00,,22:20:00,22:30:00,,
203,2024-07-21,03:14:00,05:05:00,04:15:00,BS-H,13:11:00,,,18:33:00,,,21:10:00,21:10:00,,22:18:00,22:30:00,,
204,2024-07-22,03:16:00,05:07:00,04:15:00,NCP,13:11:00,,,18:33:00,,,21:08:00,21:10:00,,22:16:00,22:30:00,,
205,2024-07-23,03:17:00,05:08:00,04:15:00,NCP,13:11:00,,,18:32:00,,,21:07:00,21:10:00,,22:15:00,22:30:00,,
206,2024-07-24,03:19:00,05:09:00,04:15:00,NCP,13:11:00,,,18:31:00,,,21:05:00,21:05:00,,22:13:00,22:30:00,,
207,2024-07-25,03:21:00,05:11:00,04:15:00,NCP,13:11:00,,,18:30:00,,,21:04:00,21:05:00,,22:11:00,22:30:00,,
208,2024-07-26,03:23:00,05:12:00,04:15:00,NCP,13:11:00,13:15:00,HUB,18:29:00,,,21:03:00,21:05:00,,22:09:00,22:30:00,,
209,2024-07-27,03:25:00,05:14:00,04:30:00,BS-H,13:11:00,,,18:29:00,,,21:01:00,21:05:00,,22:07:00,22:15:00,,
210,2024-07-28,03:26:00,05:15:00,04:30:00,BS-H,13:11:00,,,18:28:00,,,20:59:00,21:00:00,,22:06:00,22:15:00,,
211,2024-07-29,03:28:00,05:17:00,04:30:00,NCP,13:11:00,,,18:27:00,,,20:58:00,21:00:00,,22:04:00,22:15:00,,
212,2024-07-30,03:30:00,05:18:00,04:30:00,NCP,13:11:00,,,18:26:00,,,20:56:00,21:00:00,,22:02:00,22:15:00,,
213,2024-07-31,03:32:00,05:20:00,04:30:00,NCP,13:11:00,,,18:25:00,,,20:55:00,20:55:00,,22:00:00,22:15:00,,
214,2024-08-01,03:34:00,05:21:00,04:30:00,NCP,13:11:00,,,18:24:00,,,20:53:00,20:55:00,,21:58:00,22:15:00,,
215,2024-08-02,03:36:00,05:23:00,04:30:00,NCP,13:11:00,13:15:00,HUB,18:23:00,,,20:51:00,20:55:00,,21:56:00,22:15:00,,
216,2024-08-03,03:38:00,05:25:00,04:45:00,BS-H,13:11:00,,,18:21:00,,,20:49:00,20:50:00,,21:54:00,22:00:00,,
217,2024-08-04,03:39:00,05:26:00,04:45:00,BS-H,13:11:00,,,18:20:00,,,20:48:00,20:50:00,,21:52:00,22:00:00,,
218,2024-08-05,03:41:00,05:28:00,04:45:00,NCP,13:11:00,,,18:19:00,,,20:46:00,20:50:00,,21:49:00,22:00:00,,
219,2024-08-06,03:43:00,05:29:00,04:45:00,NCP,13:11:00,,,18:18:00,,,20:44:00,20:45:00,,21:47:00,22:00:00,,
220,2024-08-07,03:45:00,05:31:00,04:45:00,NCP,13:10:00,,,18:17:00,,,20:42:00,20:45:00,,21:46:00,22:00:00,,
221,2024-08-08,03:47:00,05:33:00,04:45:00,NCP,13:10:00,,,18:16:00,,,20:40:00,20:40:00,,21:44:00,22:00:00,,
222,2024-08-09,03:49:00,05:34:00,04:45:00,NCP,13:10:00,13:15:00,HUB,18:14:00,,,20:38:00,20:40:00,,21:42:00,22:00:00,,
223,2024-08-10,03:51:00,05:36:00,05:00:00,BS-H,13:10:00,,,18:13:00,,,20:36:00,20:40:00,,21:41:00,21:45:00,,
224,2024-08-11,03:53:00,05:37:00,05:00:00,BS-H,13:10:00,,,18:12:00,,,20:34:00,20:35:00,,21:39:00,21:45:00,,
225,2024-08-12,03:55:00,05:39:00,05:00:00,NCP,13:10:00,,,18:10:00,,,20:32:00,20:35:00,,21:37:00,21:45:00,,
226,2024-08-13,03:56:00,05:41:00,05:00:00,NCP,13:10:00,,,18:09:00,,,20:31:00,20:35:00,,21:35:00,21:45:00,,
227,2024-08-14,03:58:00,05:42:00,05:00:00,NCP,13:09:00,,,18:08:00,,,20:28:00,20:30:00,,21:34:00,21:45:00,,
228,2024-08-15,04:00:00,05:44:00,05:00:00,NCP,13:09:00,,,18:06:00,,,20:26:00,20:30:00,,21:32:00,21:45:00,,
229,2024-08-16,04:02:00,05:46:00,05:00:00,NCP,13:09:00,13:15:00,HUB,18:05:00,,,20:24:00,20:25:00,,21:30:00,21:45:00,,
230,2024-08-17,04:04:00,05:47:00,05:00:00,BS-H,13:09:00,,,18:03:00,,,20:22:00,20:25:00,,21:28:00,21:30:00,,
231,2024-08-18,04:06:00,05:49:00,05:00:00,BS-H,13:08:00,,,18:02:00,,,20:20:00,20:20:00,,21:26:00,21:30:00,,
232,2024-08-19,04:08:00,05:50:00,05:00:00,NCP,13:08:00,,,18:00:00,,,20:18:00,20:20:00,,21:24:00,21:30:00,,
233,2024-08-20,04:10:00,05:52:00,05:00:00,NCP,13:08:00,,,17:59:00,,,20:16:00,20:20:00,,21:22:00,21:30:00,,
234,2024-08-21,04:12:00,05:54:00,05:00:00,NCP,13:08:00,,,17:57:00,,,20:14:00,20:15:00,,21:21:00,21:30:00,,
235,2024-08-22,04:14:00,05:55:00,05:00:00,NCP,13:07:00,,,17:56:00,,,20:12:00,20:15:00,,21:19:00,21:30:00,,
236,2024-08-23,04:16:00,05:57:00,05:00:00,NCP,13:07:00,13:10:00,HUB,17:54:00,,,20:09:00,20:10:00,,21:17:00,21:30:00,,
237,2024-08-24,04:18:00,05:59:00,05:15:00,BS-H,13:07:00,,,17:53:00,,,20:07:00,20:10:00,,21:15:00,21:15:00,,
238,2024-08-25,04:19:00,06:00:00,05:15:00,BS-H,13:07:00,,,17:51:00,,,20:05:00,20:05:00,,21:13:00,21:15:00,,
239,2024-08-26,04:21:00,06:02:00,05:15:00,NCP,13:06:00,,,17:49:00,,,20:03:00,20:05:00,,21:11:00,21:15:00,,
240,2024-08-27,04:23:00,06:04:00,05:15:00,NCP,13:06:00,,,17:48:00,,,20:01:00,20:05:00,,21:09:00,21:15:00,,
241,2024-08-28,04:25:00,06:05:00,05:15:00,NCP,13:06:00,,,17:46:00,,,19:58:00,20:00:00,,21:07:00,21:15:00,,
242,2024-08-29,04:27:00,06:07:00,05:15:00,NCP,13:05:00,,,17:44:00,,,19:56:00,20:00:00,,21:05:00,21:15:00,,
243,2024-08-30,04:29:00,06:09:00,05:15:00,NCP,13:05:00,13:10:00,HUB,17:42:00,,,19:54:00,19:55:00,,21:03:00,21:15:00,,
244,2024-08-31,04:31:00,06:10:00,05:30:00,BS-H,13:05:00,,,17:41:00,,,19:52:00,19:55:00,,21:01:00,21:15:00,,
245,2024-09-01,04:33:00,06:12:00,05:30:00,BS-H,13:05:00,,,17:39:00,,,19:49:00,19:50:00,,20:59:00,21:15:00,,
246,2024-09-02,04:35:00,06:13:00,05:30:00,NCP,13:04:00,,,17:37:00,,,19:47:00,19:50:00,,20:57:00,21:15:00,,
247,2024-09-03,04:37:00,06:15:00,05:30:00,NCP,13:04:00,,,17:35:00,,,19:45:00,19:45:00,,20:55:00,21:15:00,,
248,2024-09-04,04:39:00,06:17:00,05:30:00,NCP,13:04:00,,,17:34:00,,,19:42:00,19:45:00,,20:52:00,21:15:00,,
249,2024-09-05,04:41:00,06:18:00,05:30:00,NCP,13:03:00,,,17:32:00,,,19:40:00,19:40:00,,20:50:00,21:15:00,,
250,2024-09-06,04:42:00,06:20:00,05:30:00,NCP,13:03:00,13:10:00,HUB,17:30:00,,,19:38:00,19:40:00,,20:48:00,21:15:00,,
251,2024-09-07,04:44:00,06:22:00,05:45:00,BS-H,13:03:00,,,17:28:00,,,19:35:00,19:35:00,,20:46:00,21:00:00,,
252,2024-09-08,04:46:00,06:23:00,05:45:00,BS-H,13:02:00,,,17:26:00,,,19:33:00,19:35:00,,20:44:00,21:00:00,,
253,2024-09-09,04:48:00,06:25:00,05:45:00,NCP,13:02:00,,,17:24:00,,,19:31:00,19:35:00,,20:42:00,21:00:00,,
254,2024-09-10,04:50:00,06:27:00,05:45:00,NCP,13:02:00,,,17:22:00,,,19:28:00,19:30:00,,20:40:00,21:00:00,,
255,2024-09-11,04:52:00,06:28:00,05:45:00,NCP,13:01:00,,,17:21:00,,,19:26:00,19:30:00,,20:38:00,21:00:00,,
256,2024-09-12,04:54:00,06:30:00,05:45:00,NCP,13:01:00,,,17:19:00,,,19:24:00,19:25:00,,20:36:00,21:00:00,,
257,2024-09-13,04:56:00,06:32:00,05:45:00,NCP,13:00:00,13:10:00,HUB,17:17:00,,,19:21:00,19:25:00,,20:34:00,21:00:00,,
258,2024-09-14,04:58:00,06:33:00,05:45:00,BS-H,13:00:00,,,17:15:00,,,19:19:00,19:20:00,,20:31:00,20:45:00,,
259,2024-09-15,05:00:00,06:35:00,05:45:00,BS-H,13:00:00,,,17:13:00,,,19:17:00,19:20:00,,20:29:00,20:45:00,,
260,2024-09-16,05:02:00,06:36:00,05:45:00,NCP,12:59:00,,,17:11:00,,,19:14:00,19:15:00,,20:27:00,20:45:00,,
261,2024-09-17,05:04:00,06:38:00,05:45:00,NCP,12:59:00,,,17:09:00,,,19:12:00,19:15:00,,20:25:00,20:45:00,,
262,2024-09-18,05:05:00,06:40:00,05:45:00,NCP,12:59:00,,,17:07:00,,,19:10:00,19:10:00,,20:23:00,20:45:00,,
263,2024-09-19,05:07:00,06:41:00,05:45:00,NCP,12:58:00,,,17:05:00,,,19:07:00,19:10:00,,20:21:00,20:45:00,,
264,2024-09-20,05:09:00,06:43:00,05:45:00,NCP,12:58:00,13:05:00,HUB,17:03:00,,,19:05:00,19:05:00,,20:19:00,20:45:00,,
265,2024-09-21,05:11:00,06:45:00,06:00:00,BS-H,12:58:00,,,17:01:00,,,19:03:00,19:05:00,,20:16:00,20:30:00,,
266,2024-09-22,05:13:00,06:46:00,06:00:00,BS-H,12:57:00,,,16:59:00,,,19:00:00,19:00:00,,20:14:00,20:30:00,,
267,2024-09-23,05:14:00,06:48:00,06:00:00,NCP,12:57:00,,,16:57:00,,,18:58:00,19:00:00,,20:12:00,20:30:00,,
268,2024-09-24,05:16:00,06:50:00,06:00:00,NCP,12:57:00,,,16:55:00,,,18:55:00,18:55:00,,20:10:00,20:30:00,,
269,2024-09-25,05:17:00,06:51:00,06:00:00,NCP,12:56:00,,,16:53:00,,,18:53:00,18:55:00,,20:08:00,20:30:00,,
270,2024-09-26,05:19:00,06:53:00,06:00:00,NCP,12:56:00,,,16:51:00,,,18:51:00,18:55:00,,20:06:00,20:30:00,,
271,2024-09-27,05:21:00,06:55:00,06:00:00,NCP,12:56:00,13:05:00,HUB,16:49:00,,,18:48:00,18:50:00,,20:04:00,20:30:00,,
272,2024-09-28,05:22:00,06:56:00,06:00:00,BS-H,12:55:00,,,16:47:00,,,18:46:00,18:50:00,,20:02:00,20:15:00,,
273,2024-09-29,05:24:00,06:58:00,06:00:00,BS-H,12:55:00,,,16:45:00,,,18:44:00,18:45:00,,20:00:00,20:15:00,,
274,2024-09-30,05:25:00,07:00:00,06:00:00,NCP,12:55:00,,,16:43:00,,,18:41:00,18:45:00,,19:58:00,20:15:00,,
275,2024-10-01,05:27:00,07:01:00,06:00:00,NCP,12:54:00,,,16:41:00,,,18:39:00,18:40:00,,19:55:00,20:15:00,,
276,2024-10-02,05:29:00,07:03:00,06:00:00,NCP,12:54:00,,,16:39:00,,,18:37:00,18:40:00,,19:53:00,20:15:00,,
277,2024-10-03,05:30:00,07:05:00,06:00:00,NCP,12:54:00,,,16:37:00,,,18:34:00,18:35:00,,19:51:00,20:15:00,,
278,2024-10-04,05:32:00,07:06:00,06:00:00,NCP,12:53:00,13:05:00,HUB,16:34:00,,,18:32:00,18:35:00,,19:49:00,20:15:00,,
279,2024-10-05,05:33:00,07:08:00,06:15:00,NCP,12:53:00,,,16:32:00,,,18:30:00,18:30:00,,19:47:00,20:05:00,,
280,2024-10-06,05:35:00,07:10:00,06:15:00,NCP,12:53:00,,,16:30:00,,,18:28:00,18:30:00,,19:45:00,20:05:00,,
281,2024-10-07,05:37:00,07:12:00,06:15:00,NCP,12:52:00,,,16:28:00,,,18:25:00,18:25:00,,19:43:00,20:05:00,,
282,2024-10-08,05:38:00,07:13:00,06:15:00,NCP,12:52:00,,,16:26:00,,,18:23:00,18:25:00,,19:41:00,20:05:00,,
283,2024-10-09,05:40:00,07:15:00,06:15:00,NCP,12:52:00,,,16:24:00,,,18:21:00,18:25:00,,19:39:00,20:05:00,,
284,2024-10-10,05:41:00,07:17:00,06:15:00,NCP,12:52:00,,,16:22:00,,,18:18:00,18:20:00,,19:37:00,20:05:00,,
285,2024-10-11,05:43:00,07:18:00,06:15:00,NCP,12:51:00,13:05:00,HUB,16:20:00,,,18:16:00,18:20:00,,19:35:00,20:05:00,,
286,2024-10-12,05:45:00,07:20:00,06:15:00,NCP,12:51:00,,,16:18:00,,,18:14:00,18:15:00,,19:33:00,20:05:00,,
287,2024-10-13,05:46:00,07:22:00,06:15:00,NCP,12:51:00,,,16:16:00,,,18:12:00,18:15:00,,19:31:00,20:05:00,,
288,2024-10-14,05:48:00,07:24:00,06:15:00,NCP,12:51:00,,,16:14:00,,,18:10:00,18:10:00,,19:29:00,20:05:00,,
289,2024-10-15,05:50:00,07:25:00,06:15:00,NCP,12:50:00,,,16:12:00,,,18:07:00,18:10:00,,19:27:00,20:05:00,,
290,2024-10-16,05:51:00,07:27:00,06:15:00,NCP,12:50:00,,,16:10:00,,,18:05:00,18:05:00,,19:25:00,20:05:00,,
291,2024-10-17,05:53:00,07:29:00,06:15:00,NCP,12:50:00,,,16:08:00,,,18:03:00,18:05:00,,19:23:00,20:05:00,,
292,2024-10-18,05:55:00,07:31:00,06:15:00,NCP,12:50:00,13:05:00,HUB,16:06:00,,,18:01:00,18:05:00,,19:21:00,20:05:00,,
293,2024-10-19,05:56:00,07:32:00,06:30:00,NCP,12:50:00,,,16:04:00,,,17:59:00,18:00:00,,19:20:00,20:05:00,,
294,2024-10-20,05:58:00,07:34:00,06:30:00,NCP,12:49:00,,,16:02:00,,,17:57:00,18:00:00,,19:18:00,20:05:00,,
295,2024-10-21,06:00:00,07:36:00,06:30:00,NCP,12:49:00,,,16:00:00,,,17:55:00,17:55:00,,19:16:00,20:05:00,,
296,2024-10-22,06:01:00,07:38:00,06:30:00,NCP,12:49:00,,,15:59:00,,,17:52:00,17:55:00,,19:14:00,20:05:00,,
297,2024-10-23,06:03:00,07:40:00,06:30:00,NCP,12:49:00,,,15:57:00,,,17:50:00,17:50:00,,19:12:00,20:05:00,,
298,2024-10-24,06:05:00,07:41:00,06:30:00,NCP,12:49:00,,,15:55:00,,,17:48:00,17:50:00,,19:10:00,20:05:00,,
299,2024-10-25,06:06:00,07:43:00,06:30:00,NCP,12:49:00,13:05:00,HUB,15:53:00,,,17:46:00,17:50:00,,19:09:00,20:05:00,,
300,2024-10-26,06:08:00,07:45:00,06:30:00,NCP,12:49:00,,,15:51:00,,,17:44:00,17:45:00,,19:07:00,20:05:00,,
301,2024-10-27,05:10:00,06:47:00,06:00:00,NCP,11:49:00,,,14:49:00,,,16:42:00,16:45:00,,18:05:00,20:05:00,,
302,2024-10-28,05:12:00,06:49:00,06:00:00,NCP,11:48:00,,,14:47:00,,,16:40:00,16:40:00,,18:03:00,20:05:00,,
303,2024-10-29,05:13:00,06:50:00,06:00:00,NCP,11:48:00,,,14:46:00,,,16:38:00,16:40:00,,18:02:00,20:05:00,,
304,2024-10-30,05:15:00,06:52:00,06:00:00,NCP,11:48:00,,,14:44:00,,,16:37:00,16:40:00,,18:00:00,20:05:00,,
305,2024-10-31,05:17:00,06:54:00,06:00:00,NCP,11:48:00,,,14:42:00,,,16:35:00,16:35:00,,17:58:00,20:05:00,,
306,2024-11-01,05:18:00,06:56:00,06:00:00,NCP,11:48:00,13:05:00,HUB,14:40:00,,,16:33:00,16:35:00,,17:57:00,20:05:00,,
307,2024-11-02,05:20:00,06:58:00,06:00:00,NCP,11:48:00,,,14:39:00,,,16:31:00,16:35:00,,17:55:00,20:05:00,,
308,2024-11-03,05:22:00,06:59:00,06:00:00,NCP,11:48:00,,,14:37:00,,,16:29:00,16:30:00,,17:54:00,20:05:00,,
309,2024-11-04,05:24:00,07:01:00,06:00:00,NCP,11:48:00,,,14:35:00,,,16:27:00,16:30:00,,17:52:00,20:05:00,,
310,2024-11-05,05:25:00,07:03:00,06:00:00,NCP,11:48:00,,,14:34:00,,,16:26:00,16:30:00,,17:51:00,20:05:00,,
311,2024-11-06,05:27:00,07:05:00,06:00:00,NCP,11:48:00,,,14:32:00,,,16:24:00,16:25:00,,17:49:00,20:05:00,,
312,2024-11-07,05:29:00,07:07:00,06:00:00,NCP,11:48:00,,,14:30:00,,,16:22:00,16:25:00,,17:48:00,20:05:00,,
313,2024-11-08,05:30:00,07:09:00,06:00:00,NCP,11:48:00,13:05:00,HUB,14:29:00,,,16:21:00,16:25:00,,17:46:00,20:05:00,,
314,2024-11-09,05:32:00,07:10:00,06:15:00,NCP,11:49:00,,,14:27:00,,,16:19:00,16:20:00,,17:45:00,20:05:00,,
315,2024-11-10,05:34:00,07:12:00,06:15:00,NCP,11:49:00,,,14:26:00,,,16:17:00,16:20:00,,17:44:00,20:05:00,,
316,2024-11-11,05:36:00,07:14:00,06:15:00,NCP,11:49:00,,,14:24:00,,,16:16:00,16:20:00,,17:42:00,20:05:00,,
317,2024-11-12,05:37:00,07:16:00,06:15:00,NCP,11:49:00,,,14:23:00,,,16:14:00,16:15:00,,17:41:00,20:05:00,,
318,2024-11-13,05:39:00,07:17:00,06:15:00,NCP,11:49:00,,,14:21:00,,,16:13:00,16:15:00,,17:40:00,20:05:00,,
319,2024-11-14,05:41:00,07:19:00,06:15:00,NCP,11:49:00,,,14:20:00,,,16:11:00,16:15:00,,17:39:00,20:05:00,,
320,2024-11-15,05:42:00,07:21:00,06:15:00,NCP,11:49:00,13:05:00,HUB,14:19:00,,,16:10:00,16:10:00,,17:37:00,20:05:00,,
321,2024-11-16,05:44:00,07:23:00,06:15:00,NCP,11:50:00,,,14:17:00,,,16:09:00,16:10:00,,17:36:00,20:05:00,,
322,2024-11-17,05:46:00,07:25:00,06:15:00,NCP,11:50:00,,,14:16:00,,,16:07:00,16:10:00,,17:35:00,20:05:00,,
323,2024-11-18,05:47:00,07:26:00,06:15:00,NCP,11:50:00,,,14:15:00,,,16:06:00,16:10:00,,17:34:00,20:05:00,,
324,2024-11-19,05:49:00,07:28:00,06:15:00,NCP,11:50:00,,,14:14:00,,,16:05:00,16:05:00,,17:33:00,20:05:00,,
325,2024-11-20,05:50:00,07:30:00,06:15:00,NCP,11:50:00,,,14:13:00,,,16:04:00,16:05:00,,17:32:00,20:05:00,,
326,2024-11-21,05:52:00,07:31:00,06:15:00,NCP,11:51:00,,,14:12:00,,,16:02:00,16:05:00,,17:31:00,20:05:00,,
327,2024-11-22,05:54:00,07:33:00,06:15:00,NCP,11:51:00,13:05:00,HUB,14:11:00,,,16:01:00,16:05:00,,17:30:00,20:05:00,,
328,2024-11-23,05:55:00,07:35:00,06:30:00,NCP,11:51:00,,,14:10:00,,,16:00:00,16:00:00,,17:30:00,20:05:00,,
329,2024-11-24,05:57:00,07:36:00,06:30:00,NCP,11:52:00,,,14:09:00,,,15:59:00,16:00:00,,17:29:00,20:05:00,,
330,2024-11-25,05:58:00,07:38:00,06:30:00,NCP,11:52:00,,,14:08:00,,,15:58:00,16:00:00,,17:28:00,20:05:00,,
331,2024-11-26,06:00:00,07:39:00,06:30:00,NCP,11:52:00,,,14:07:00,,,15:57:00,16:00:00,,17:28:00,20:05:00,,
332,2024-11-27,06:01:00,07:41:00,06:30:00,NCP,11:52:00,,,14:06:00,,,15:56:00,16:00:00,,17:27:00,20:05:00,,
333,2024-11-28,06:02:00,07:42:00,06:30:00,NCP,11:53:00,,,14:05:00,,,15:56:00,16:00:00,,17:26:00,20:05:00,,
334,2024-11-29,06:04:00,07:44:00,06:30:00,NCP,11:53:00,13:05:00,HUB,14:05:00,,,15:55:00,16:00:00,,17:26:00,20:05:00,,
335,2024-11-30,06:05:00,07:45:00,06:35:00,NCP,11:54:00,,,14:04:00,,,15:54:00,16:00:00,,17:25:00,20:05:00,,
336,2024-12-01,06:07:00,07:47:00,06:35:00,NCP,11:54:00,,,14:03:00,,,15:54:00,16:00:00,,17:25:00,20:05:00,,
337,2024-12-02,06:08:00,07:48:00,06:35:00,NCP,11:54:00,,,14:03:00,,,15:53:00,16:00:00,,17:25:00,20:05:00,,
338,2024-12-03,06:09:00,07:50:00,06:35:00,NCP,11:55:00,,,14:02:00,,,15:52:00,16:00:00,,17:24:00,20:05:00,,
339,2024-12-04,06:10:00,07:51:00,06:35:00,NCP,11:55:00,,,14:02:00,,,15:52:00,16:00:00,,17:24:00,20:05:00,,
340,2024-12-05,06:12:00,07:52:00,06:35:00,NCP,11:56:00,,,14:01:00,,,15:51:00,16:00:00,,17:24:00,20:05:00,,
341,2024-12-06,06:13:00,07:53:00,06:35:00,NCP,11:56:00,13:05:00,HUB,14:01:00,,,15:51:00,16:00:00,,17:24:00,20:05:00,,
342,2024-12-07,06:14:00,07:55:00,06:40:00,NCP,11:56:00,,,14:01:00,,,15:51:00,16:00:00,,17:24:00,20:05:00,,
343,2024-12-08,06:15:00,07:56:00,06:40:00,NCP,11:57:00,,,14:01:00,,,15:50:00,16:00:00,,17:24:00,20:05:00,,
344,2024-12-09,06:16:00,07:57:00,06:40:00,NCP,11:57:00,,,14:00:00,,,15:50:00,16:00:00,,17:24:00,20:05:00,,
345,2024-12-10,06:17:00,07:58:00,06:40:00,NCP,11:58:00,,,14:00:00,,,15:50:00,16:00:00,,17:24:00,20:05:00,,
346,2024-12-11,06:18:00,07:59:00,06:40:00,NCP,11:58:00,,,14:00:00,,,15:50:00,16:00:00,,17:24:00,20:05:00,,
347,2024-12-12,06:19:00,08:00:00,06:40:00,NCP,11:59:00,,,14:00:00,,,15:50:00,16:00:00,,17:24:00,20:05:00,,
348,2024-12-13,06:20:00,08:01:00,06:40:00,NCP,11:59:00,13:05:00,HUB,14:00:00,,,15:50:00,16:00:00,,17:24:00,20:05:00,,
349,2024-12-14,06:20:00,08:02:00,06:40:00,NCP,12:00:00,,,14:00:00,,,15:50:00,16:00:00,,17:25:00,20:05:00,,
350,2024-12-15,06:21:00,08:03:00,06:40:00,NCP,12:00:00,,,14:01:00,,,15:50:00,16:00:00,,17:25:00,20:05:00,,
351,2024-12-16,06:22:00,08:04:00,06:40:00,NCP,12:01:00,,,14:01:00,,,15:50:00,16:00:00,,17:25:00,20:05:00,,
352,2024-12-17,06:23:00,08:04:00,06:40:00,NCP,12:01:00,,,14:01:00,,,15:51:00,16:00:00,,17:26:00,20:05:00,,
353,2024-12-18,06:23:00,08:05:00,06:40:00,NCP,12:02:00,,,14:01:00,,,15:51:00,16:00:00,,17:27:00,20:05:00,,
354,2024-12-19,06:24:00,08:06:00,06:40:00,NCP,12:02:00,,,14:02:00,,,15:51:00,16:00:00,,17:27:00,20:05:00,,
355,2024-12-20,06:24:00,08:06:00,06:40:00,NCP,12:03:00,13:05:00,HUB,14:02:00,,,15:52:00,16:00:00,,17:28:00,20:05:00,,
356,2024-12-21,06:25:00,08:07:00,06:40:00,NCP,12:03:00,,,14:03:00,,,15:52:00,16:00:00,,17:29:00,20:05:00,,
357,2024-12-22,06:25:00,08:07:00,06:40:00,NCP,12:04:00,,,14:03:00,,,15:53:00,16:00:00,,17:29:00,20:05:00,,
358,2024-12-23,06:26:00,08:08:00,06:40:00,NCP,12:04:00,,,14:04:00,,,15:53:00,16:00:00,,17:29:00,20:05:00,,
359,2024-12-24,06:26:00,08:08:00,06:40:00,NCP,12:05:00,,,14:04:00,,,15:54:00,16:00:00,,17:30:00,20:05:00,,
360,2024-12-25,06:27:00,08:08:00,06:40:00,NCP,12:05:00,,,14:05:00,,,15:55:00,16:00:00,,17:30:00,20:05:00,,
361,2024-12-26,06:27:00,08:09:00,06:40:00,NCP,12:06:00,,,14:06:00,,,15:56:00,16:00:00,,17:31:00,20:05:00,,
362,2024-12-27,06:27:00,08:09:00,06:40:00,NCP,12:06:00,13:05:00,HUB,14:07:00,,,15:56:00,16:00:00,,17:31:00,20:05:00,,
363,2024-12-28,06:27:00,08:09:00,06:40:00,NCP,12:06:00,,,14:07:00,,,15:57:00,16:00:00,,17:32:00,20:05:00,,
364,2024-12-29,06:28:00,08:09:00,06:40:00,NCP,12:07:00,,,14:08:00,,,15:58:00,16:00:00,,17:32:00,20:05:00,,
365,2024-12-30,06:28:00,08:09:00,06:40:00,NCP,12:07:00,,,14:09:00,,,15:59:00,16:00:00,,17:33:00,20:05:00,,
366,2024-12-31,06:28:00,08:09:00,06:40:00,NCP,12:08:00,,,14:10:00,,,16:00:00,16:00:00,,17:34:00,20:05:00,,
